batch,cell_id,n_cycles_used,cycle_minutes_median
Batch 1,1_01,98,54.375
Batch 1,1_02,98,54.375
Batch 1,1_03,98,54.375
Batch 1,1_04,98,53.042
Batch 1,1_05,98,52.995
Batch 1,1_06,98,51.951
Batch 1,1_07,98,51.042
Batch 1,1_08,98,51.042
Batch 1,1_09,99,52.161
Batch 1,1_10,99,52.161
Batch 1,1_11,98,52.601
Batch 1,1_12,98,52.602
Batch 1,1_13,99,51.613
Batch 1,1_14,99,51.613
Batch 1,1_15,98,51.713
Batch 1,1_16,98,51.713
Batch 1,1_17,98,51.02
Batch 1,1_18,99,51.046
Batch 1,1_19,47,50.825
Batch 1,1_20,99,50.835
Batch 1,1_21,98,49.938
Batch 1,1_22,98,49.936
Batch 1,1_23,99,52.38
Batch 1,1_24,99,52.38
Batch 1,1_25,99,52.882
Batch 1,1_26,99,53.046
Batch 1,1_27,99,51.714
Batch 1,1_28,99,51.713
Batch 1,1_29,99,52.046
Batch 1,1_30,99,51.922
Batch 1,1_31,99,51.046
Batch 1,1_32,99,50.809
Batch 1,1_33,99,51.046
Batch 1,1_34,99,51.046
Batch 1,1_35,99,51.768
Batch 1,1_36,99,51.951
Batch 1,1_37,99,52.474
Batch 1,1_38,99,52.474
Batch 1,1_39,99,51.142
Batch 1,1_40,99,51.141
Batch 1,1_41,99,53.004
Batch 1,1_42,99,52.968
Batch 1,1_43,99,52.087
Batch 1,1_44,99,52.087
Batch 1,1_45,99,51.17
Batch 1,1_46,99,50.969
Batch 2,2_01,98,69.662
Batch 2,2_02,98,63.577
Batch 2,2_03,98,70.855
Batch 2,2_04,98,70.226
Batch 2,2_05,98,69.236
Batch 2,2_06,98,69.048
Batch 2,2_07,98,70.819
Batch 2,2_08,98,47.667
Batch 2,2_09,98,48.701
Batch 2,2_10,98,48.19
Batch 2,2_11,98,69.427
Batch 2,2_12,98,71.538
Batch 2,2_13,98,68.171
Batch 2,2_14,98,69.461
Batch 2,2_15,98,66.991
Batch 2,2_16,98,70.88
Batch 2,2_17,98,70.368
Batch 2,2_18,98,63.352
Batch 2,2_19,98,64.932
Batch 2,2_20,98,68.337
Batch 2,2_21,98,66.964
Batch 2,2_22,98,67.242
Batch 2,2_23,97,58.296
Batch 2,2_24,97,40.811
Batch 2,2_25,98,68.659
Batch 2,2_26,98,66.614
Batch 2,2_27,98,66.717
Batch 2,2_28,98,67.678
Batch 2,2_29,98,68.463
Batch 2,2_30,98,69.274
Batch 2,2_31,98,64.147
Batch 2,2_32,98,66.317
Batch 2,2_33,98,47.147
Batch 2,2_34,98,44.518
Batch 2,2_35,98,43.697
Batch 2,2_36,97,34.508
Batch 2,2_37,97,32.896
Batch 2,2_38,97,69.694
Batch 2,2_39,97,68.149
Batch 2,2_40,97,65.446
Batch 2,2_41,97,68.402
Batch 2,2_42,98,66.273
Batch 2,2_43,98,71.227
Batch 2,2_44,98,47.756
Batch 2,2_45,98,47.906
Batch 2,2_46,98,48.03
Batch 2,2_47,98,69.354
Batch 3,3_01,99,45.863
Batch 3,3_02,99,45.132
Batch 3,3_03,99,44.69
Batch 3,3_04,99,44.599
Batch 3,3_05,99,46.583
Batch 3,3_06,99,44.921
Batch 3,3_07,99,44.4
Batch 3,3_08,99,48.234
Batch 3,3_09,99,47.257
Batch 3,3_10,99,47.688
Batch 3,3_11,99,47.525
Batch 3,3_12,99,47.644
Batch 3,3_13,99,47.56
Batch 3,3_14,99,47.344
Batch 3,3_15,99,48.307
Batch 3,3_16,99,47.47
Batch 3,3_17,99,45.37
Batch 3,3_18,98,44.228
Batch 3,3_19,99,45.277
Batch 3,3_20,99,45.64
Batch 3,3_21,99,47.016
Batch 3,3_22,99,43.952
Batch 3,3_23,99,44.247
Batch 3,3_24,99,46.785
Batch 3,3_25,99,45.375
Batch 3,3_26,99,46.561
Batch 3,3_27,99,47.095
Batch 3,3_28,99,46.211
Batch 3,3_29,99,45.453
Batch 3,3_30,99,47.749
Batch 3,3_31,99,46.761
Batch 3,3_32,99,47.392
Batch 3,3_33,99,45.469
Batch 3,3_34,99,43.898
Batch 3,3_35,99,44.209
Batch 3,3_36,99,44.445
Batch 3,3_37,99,44.191
Batch 3,3_38,99,44.245
Batch 3,3_39,99,44.509
Batch 3,3_40,99,42.626
Batch 3,3_41,99,46.968
Batch 3,3_42,99,45.037
Batch 3,3_43,99,48.142
Batch 3,3_44,99,47.097
Batch 3,3_45,99,47.063
Batch 3,3_46,99,47.112
