cell_id,has_label,cycle_life,n_cycles_logged,missing_cycles_10_100,qd_glitch_count,ir_zero_or_nan_frac,tavg_max,tavg_jump_max,chargetime_glitch_count,qd_jump_max,paper_excluded,flag_missing_cycles_10_100,flag_qd_glitch_count,flag_ir_zero_or_nan_frac,flag_tavg_jump_max,flag_chargetime_glitch_count,flag_qd_jump_max,n_flags
3_01,True,1009.0,1008,0,0,0.0,33.888,0.3582,0,0.0014,False,False,False,False,False,False,False,0
3_02,True,1063.0,1062,0,0,0.0,37.17,0.6777,0,0.0014,False,False,False,False,False,False,False,0
3_03,True,1267.0,1266,0,0,0.0,41.4403,0.8919,0,0.0009,True,False,False,False,False,False,False,0
3_04,True,1115.0,1114,0,0,0.0,39.0635,0.419,0,0.001,False,False,False,False,False,False,False,0
3_05,True,1048.0,1047,0,0,0.0,33.8216,0.2061,0,0.001,False,False,False,False,False,False,False,0
3_06,True,828.0,827,0,0,0.0,39.5867,4.8015,0,0.0014,False,False,False,False,True,False,False,1
3_07,True,667.0,666,0,0,0.0,37.3756,1.0029,0,0.008,False,False,False,False,False,False,True,1
3_08,True,1836.0,1835,0,0,0.0,34.6166,2.2296,0,0.0038,False,False,False,False,True,False,True,2
3_09,True,828.0,827,0,0,0.0,35.3718,0.4182,0,0.0016,False,False,False,False,False,False,False,0
3_10,True,1039.0,1038,0,0,0.0,34.7166,1.5465,0,0.0014,False,False,False,False,True,False,False,1
3_11,True,1078.0,1077,0,0,0.0,34.3271,0.2924,0,0.0025,False,False,False,False,False,False,False,0
3_12,True,817.0,816,0,0,0.0,36.8536,0.5237,0,0.0015,False,False,False,False,False,False,False,0
3_13,True,932.0,931,0,0,0.0,35.0398,0.4272,0,0.0014,False,False,False,False,False,False,False,0
3_14,True,816.0,815,0,0,0.0,36.8285,0.2224,0,0.0016,False,False,False,False,False,False,False,0
3_15,True,858.0,857,0,0,0.0,35.1665,0.2443,0,0.0016,False,False,False,False,False,False,False,0
3_16,True,876.0,875,0,0,0.0,35.9923,0.2259,0,0.0024,False,False,False,False,False,False,False,0
3_17,True,1638.0,1637,0,0,0.0,38.3971,0.2693,0,0.0017,False,False,False,False,False,False,False,0
3_18,True,1315.0,1314,0,0,0.0,37.2681,0.8708,0,0.011,False,False,False,False,False,False,True,1
3_19,True,1146.0,1145,0,0,0.0,37.8293,0.2274,0,0.0018,False,False,False,False,False,False,False,0
3_20,True,1155.0,1154,0,0,0.0,37.3382,0.1929,0,0.0019,False,False,False,False,False,False,False,0
3_21,True,813.0,812,0,0,0.0,35.4916,0.3927,0,0.0017,False,False,False,False,False,False,False,0
3_22,True,772.0,771,0,0,0.0,38.1403,0.3031,0,0.0017,False,False,False,False,False,False,False,0
3_23,True,1002.0,1001,0,0,0.0,36.9883,0.247,0,0.0028,False,False,False,False,False,False,False,0
3_24,False,,2189,0,0,0.0,36.2221,1.147,0,0.0026,True,False,False,False,True,False,False,1
3_25,True,825.0,824,0,0,0.0,37.9582,0.8802,0,0.0065,False,False,False,False,False,False,True,1
3_26,True,989.0,988,0,0,0.0,38.0212,0.3177,0,0.0019,False,False,False,False,False,False,False,0
3_27,True,1028.0,1027,0,0,0.0,38.257,0.2876,0,0.002,False,False,False,False,False,False,False,0
3_28,True,850.0,849,0,0,0.0,38.8059,0.7017,0,0.0026,False,False,False,False,False,False,False,0
3_29,True,541.0,540,0,0,0.0,39.2035,0.2181,0,0.0018,False,False,False,False,False,False,False,0
3_30,True,858.0,857,0,0,0.0,32.7575,0.259,0,0.0017,False,False,False,False,False,False,False,0
3_31,True,935.0,934,0,0,0.0,33.8978,0.3375,0,0.0015,False,False,False,False,False,False,False,0
3_32,True,731.0,730,0,0,0.0,36.6646,0.1799,0,0.0018,False,False,False,False,False,False,False,0
3_33,False,,2237,0,0,0.0,38.4526,1.495,0,0.0025,True,False,False,False,True,False,False,1
3_34,True,1284.0,1283,0,0,0.0,34.9089,0.2116,0,0.0009,False,False,False,False,False,False,False,0
3_35,True,1158.0,1157,0,0,0.0,38.7037,0.2097,0,0.0013,False,False,False,False,False,False,False,0
3_36,True,1093.0,1092,0,0,0.0,38.1493,1.2216,0,0.0066,False,False,False,False,True,False,True,2
3_37,True,923.0,922,0,0,0.0,38.6818,0.2442,0,0.0018,False,False,False,False,False,False,False,0
3_38,True,1390.0,1389,0,0,0.0,39.1668,3.4628,0,0.0657,True,False,False,False,True,False,True,2
3_39,True,1935.0,1934,0,0,0.0,37.67,1.8543,0,0.0014,False,False,False,False,True,False,False,1
3_40,True,1156.0,1155,0,0,0.0,35.8255,0.21,0,0.0012,False,False,False,False,False,False,False,0
3_41,True,796.0,795,0,0,0.0,37.1301,0.3547,0,0.0013,False,False,False,False,False,False,False,0
3_42,True,786.0,785,0,0,0.0,36.1388,0.222,0,0.0013,False,False,False,False,False,False,False,0
3_43,True,1642.0,1641,0,0,0.0,37.9881,1.0442,0,0.0012,True,False,False,False,False,False,False,0
3_44,True,1046.0,1045,0,0,0.0,37.2745,0.9335,0,0.0012,True,False,False,False,False,False,False,0
3_45,True,940.0,939,0,0,0.0,35.2954,0.2149,0,0.0017,False,False,False,False,False,False,False,0
3_46,True,1801.0,1800,0,0,0.0,34.912,1.4155,0,0.0026,False,False,False,False,True,False,False,1
