model,feature,weight
Linear (ln Var ΔQ),ln_dq_variance,-121.19046
Ridge (extended),ln_dq_variance,-0.16932
Ridge (extended),qd_100,0.06764
Ridge (extended),early_qd_slope_clean,-0.02668
Random Forest,ln_dq_variance,0.81378
Random Forest,early_qd_slope_clean,0.0129
Random Forest,qd_100,0.04955
Random Forest,ir_100,0.01131
Random Forest,early_tavg_mean,0.01303
Random Forest,c1,0.00026
Random Forest,switch_soc,0.01054
Random Forest,c2,0.00893
Random Forest,charge_current_10,0.02454
Random Forest,early_charge_time_clean,0.05516
