section,item,mape,note
Regression,Train (Batch 1 CV),6.6,"Dev 27셀, 정책 그룹 5-fold CV x10 평균"
Regression,Valid (Batch 1 Hold-out),6.5,Hold-out 9셀 (정책 5개)
Regression,Test (Batch 2),41.4,39셀
Regression,Gap (Train-Valid),-0.1,(+) : 과적합 의심; Valid - Train
Regression,Gap (Valid-Test),34.9,(+) : 배치간 일반화 저하 의심; Test(B2) - Valid
Regression,Gap (Target-Test),32.3,Target : 원논문 9.1% (과제 지정); Test(B2) - Target
Batch 3,Test (Batch 3),11.7,40셀(이상치 제외); 전체 44셀 = 11.9%
Batch 3,Gap (Batch2-Batch3),-29.7,Test 성능 간 비교; Test(B3) - Test(B2); 전체 44셀 기준 -29.5
Batch 3,Gap (Target-Test),2.6,"Batch 3 기준, 원논문 9.1% 대비; Test(B3) - Target; 전체 44셀 기준 +2.8"
