batch,cell_id,n_vdlin,vdlin_first,vdlin_last,qdlin10_first,qdlin100_first,qdlin10_last,qdlin100_last,dq_first,dq_last,dq_var
Batch 1,1_01,1000,3.5,2.0,-0.0003972576780856493,-0.00034248595169493094,1.0587666709204262,1.0595346015979203,5.477172639071836e-05,0.0007679306774941441,9.663600264771342e-06
Batch 1,1_02,1000,3.5,2.0,-0.0001583941351985157,-0.00031567461136324546,1.0658709364910182,1.0646767846144054,-0.00015728047616472976,-0.001194151876612759,9.683678956852016e-06
Batch 1,1_03,1000,3.5,2.0,-0.00019045706845824376,-0.00018167662672029597,1.0684839748896329,1.0676746612198516,8.780441737947796e-06,-0.0008093136697813197,1.8323155109711005e-05
Batch 1,1_04,1000,3.5,2.0,-0.00036571869285549987,-0.00018367860159966068,1.0681734385104888,1.066414420267157,0.0001820400912558392,-0.0017590182433318002,3.608997994486938e-05
Batch 1,1_05,1000,3.5,2.0,-0.0004104668511019532,-0.0003688335265854512,1.0664697949088855,1.0655530213816637,4.163332451650201e-05,-0.0009167735272217481,2.2503824885676158e-05
Batch 1,1_06,1000,3.5,2.0,-0.0004609303439088852,-0.00022381907798727025,1.063464585217794,1.05958405974935,0.00023711126592161497,-0.003880525468443974,6.624026126041227e-05
Batch 1,1_07,1000,3.5,2.0,-0.00043941619154551294,-0.000377381909701128,1.0655475090572104,1.06085864756307,6.203428184438494e-05,-0.004688861494140495,0.00017026371292231957
Batch 1,1_08,1000,3.5,2.0,-0.00016001126490713483,-0.000394396383521375,1.0823323419949107,1.0750125385587614,-0.0002343851186142402,-0.0073198034361492414,0.00015364340477588736
Batch 1,1_09,1000,3.5,2.0,-0.00040809280943562213,-0.0004222849171568935,1.0789860067199573,1.0748574853302488,-1.4192107721271358e-05,-0.004128521389708428,9.97253091328456e-05
Batch 1,1_10,1000,3.5,2.0,-0.00019004504784916703,-0.00022766598905474609,1.0713654190136257,1.0681141012118471,-3.762094120557906e-05,-0.0032513178017785638,8.72200481780871e-05
Batch 1,1_11,1000,3.5,2.0,-0.00035047834692797554,-0.0002291633094257553,1.0629590517193264,1.0624696684614021,0.00012131503750222023,-0.0004893832579242474,9.493510903192643e-05
Batch 1,1_12,1000,3.5,2.0,-0.000148951971919329,-0.00015247964281769766,1.0386424090811408,1.0392242433243122,-3.5276708983686476e-06,0.0005818342431713752,7.130228856858242e-05
Batch 1,1_13,1000,3.5,2.0,-0.00015928698846976298,-0.00016739954580962014,1.066425561730696,1.0628515676410817,-8.11255733985716e-06,-0.0035739940896142297,7.495650888780392e-05
Batch 1,1_14,1000,3.5,2.0,-0.00022746451862876746,-0.0005347214736453366,1.0692109337882878,1.0642639216953071,-0.0003072569550165692,-0.004947012092980652,8.953514522265102e-05
Batch 1,1_15,1000,3.5,2.0,-0.0001953365105521599,-0.00022068151237706013,1.058895931665969,1.0563580288028913,-2.5345001824900225e-05,-0.0025379028630776457,8.993529426869348e-05
Batch 1,1_16,1000,3.5,2.0,-0.00020653342064602337,-0.0003952324962318896,1.0497472470973719,1.048802413144645,-0.00018869907558586622,-0.0009448339527269312,9.595130743781206e-05
Batch 1,1_17,1000,3.5,2.0,-0.0002721553909034634,-0.00044501864221264774,1.0702738245235222,1.0657983334117993,-0.00017286325130918433,-0.004475491111722851,7.954013514589506e-05
Batch 1,1_18,1000,3.5,2.0,-0.0003613167797753697,-0.0004052616652907758,1.0600907421637649,1.0563210551233062,-4.394488551540609e-05,-0.003769687040458658,0.00010711259692754453
Batch 1,1_19,1000,3.5,2.0,-0.00016369098620854132,-0.0002014812803325341,1.0518739430641513,1.0431561012005661,-3.779029412399277e-05,-0.008717841863585152,0.00022383059792099492
Batch 1,1_20,1000,3.5,2.0,-0.00020454323084257927,-0.00020605359855909794,1.0731375312490907,1.0660092866688604,-1.5103677165186698e-06,-0.007128244580230314,0.00023993476144574294
Batch 1,1_21,1000,3.5,2.0,-0.00013454617845798516,-0.00013092164153226447,1.0591461602507826,1.0379384820110986,3.624536925720686e-06,-0.021207678239683947,0.00042930168171296525
Batch 1,1_22,1000,3.5,2.0,-0.0001634518180147377,-0.00020327434830849335,1.0703492997842656,1.053667874128686,-3.982253029375564e-05,-0.016681425655579618,0.00044633603224653485
Batch 1,1_23,1000,3.5,2.0,-0.0001849078245814943,-0.00037104037304290787,1.067520918659839,1.0619003784764043,-0.00018613254846141356,-0.005620540183434608,0.00011164295598941376
Batch 1,1_24,1000,3.5,2.0,-0.00020030077924951273,-0.00035169767242470185,1.067857123211615,1.0625941820534015,-0.00015139689317518912,-0.005262941158213463,9.103457241110652e-05
Batch 1,1_25,1000,3.5,2.0,-0.00022003873585693217,-0.0004181909191990225,1.0621351243583546,1.057928234603271,-0.0001981521833420903,-0.004206889755083543,0.00011516949866350308
Batch 1,1_26,1000,3.5,2.0,-0.00028835118703667386,-0.0004352383000265318,1.0641819476980725,1.0605539546936913,-0.00014688711298985793,-0.0036279930043812136,9.378020536805894e-05
Batch 1,1_27,1000,3.5,2.0,-0.00015876440782846676,-0.00037324644669216176,1.0761752707896153,1.0690232834774562,-0.000214482038863695,-0.007151987312159047,0.00016024334542563112
Batch 1,1_28,1000,3.5,2.0,-0.000333391761727384,-0.00014979520806149822,1.0666455445041074,1.061205026629644,0.0001835965536658858,-0.005440517874463424,0.00014005441374332457
Batch 1,1_29,1000,3.5,2.0,-0.00017594714119085133,-0.0001843275257049323,1.0663454370551038,1.0593879503408896,-8.380384514080974e-06,-0.006957486714214145,0.00014298424697322437
Batch 1,1_30,1000,3.5,2.0,-0.0003150562782484145,-0.00016882985626248456,1.067959198941026,1.061432599163462,0.00014622642198592996,-0.0065265997775638684,0.0001451170011316565
Batch 1,1_31,1000,3.5,2.0,-0.00013486171063449936,-0.00020019336430592,1.0676895558257118,1.0615518943001425,-6.533165367142064e-05,-0.006137661525569271,0.00018001172021664107
Batch 1,1_32,1000,3.5,2.0,-0.0004715202664377756,-0.00022526876220820707,1.0845232004576257,1.07665064015281,0.00024625150422956854,-0.007872560304815757,0.00016682739789842456
Batch 1,1_33,1000,3.5,2.0,-0.00033207234488404666,-0.00042435257167422593,1.065248894000066,1.0570364680966595,-9.228022679017928e-05,-0.008212425903406428,0.00022570256930208902
Batch 1,1_34,1000,3.5,2.0,-0.0003226304033767504,-0.00037989544749580115,1.081741632260417,1.0712260903927446,-5.7265044119050726e-05,-0.01051554186767234,0.00021524962445427153
Batch 1,1_35,1000,3.5,2.0,-0.00047281888436278966,-0.0003344761409216685,1.062279652645275,1.0567643868329522,0.00013834274344112118,-0.005515265812322756,0.00014170456557429945
Batch 1,1_36,1000,3.5,2.0,-0.00021251729400868557,-0.0002561103542835614,1.0601234465698128,1.0529354948587457,-4.359306027487583e-05,-0.00718795171106712,0.00016880845085747467
Batch 1,1_37,1000,3.5,2.0,-0.00017532050616957622,-0.00018884435995607937,1.0670942109819685,1.0578473443477103,-1.3523853786503152e-05,-0.009246866634258222,0.00021404183097836082
Batch 1,1_38,1000,3.5,2.0,-0.00018382275834486755,-0.00045542998294741403,1.0622475268484064,1.0554907495686061,-0.0002716072246025465,-0.006756777279800286,0.00021186592167101386
Batch 1,1_39,1000,3.5,2.0,-0.00030346555711191806,-0.00021504875045883344,1.0602553866439595,1.0481413262290291,8.841680665308462e-05,-0.01211406041493035,0.00036893667248310104
Batch 1,1_40,1000,3.5,2.0,-0.0003003861565146035,-0.0003799639542604588,1.0699842660623873,1.0602599573075326,-7.957779774585532e-05,-0.009724308754854638,0.0003129437479421444
Batch 1,1_41,1000,3.5,2.0,-0.00043462008117268493,-0.0004576851333850659,1.071297891876063,1.0661330793114767,-2.3065052212380968e-05,-0.00516481256458623,8.806174658415387e-05
Batch 1,1_42,1000,3.5,2.0,-0.0002299151513063768,-0.00020812021806703172,1.067566361327669,1.0631743238132851,2.179493323934507e-05,-0.004392037514383773,8.48176100238975e-05
Batch 1,1_43,1000,3.5,2.0,-0.0001632945696859247,-0.000561775974572597,1.0687915847611147,1.0605837522632011,-0.0003984814048866723,-0.00820783249791357,0.00021584610431745794
Batch 1,1_44,1000,3.5,2.0,-0.00016575414914142488,-0.00021246185793992757,1.0534911051344884,1.047107567796657,-4.670770879850269e-05,-0.006383537337831369,0.00021489233671107995
Batch 1,1_45,1000,3.5,2.0,-0.0003013478771927941,-0.0005959551974710003,1.0736373328678268,1.0576774519934493,-0.0002946073202782062,-0.015959880874377497,0.0003795770928016619
Batch 1,1_46,1000,3.5,2.0,-0.0004169446010503803,-0.00031122738034092024,1.0721520767656878,1.0562031703398045,0.00010571722070946006,-0.015948906425883314,0.0003755845892835457
Batch 2,2_01,1000,3.5,2.0,-0.00016851736067970623,-0.0002637309047526514,1.0677159340661102,1.0553802851602005,-9.521354407294514e-05,-0.012335648905909657,0.0003256380937000854
Batch 2,2_02,1000,3.5,2.0,-0.0003245143516463718,-0.0002534287955300142,1.0702799595273753,1.0466672744494565,7.108555611635758e-05,-0.023612685077918805,0.0005034410615908589
Batch 2,2_03,1000,3.5,2.0,-9.895096536500069e-05,-0.00019243799682468126,1.0348766018888251,1.0256178612718139,-9.348703145968057e-05,-0.009258740617011263,0.00034653861464528006
Batch 2,2_04,1000,3.5,2.0,-0.000113941853443256,-0.0001499815947610057,1.0621455686440862,1.0581617346356864,-3.60397413177497e-05,-0.003983834008399745,0.000318975262145792
Batch 2,2_05,1000,3.5,2.0,-0.00020916103413485033,-0.00014120922662796924,1.0501451416208665,1.0311641440100237,6.795180750688109e-05,-0.01898099761084282,0.0005854545529657333
Batch 2,2_06,1000,3.5,2.0,-0.00018838116859388795,-0.00015917474569236223,1.0603895441887987,1.025657568917154,2.920642290152572e-05,-0.03473197527164462,0.0008205749892219913
Batch 2,2_07,1000,3.5,2.0,-0.0001518791575543106,-0.00011657592477069804,1.0507152449410635,1.0455690767964207,3.5303232783612574e-05,-0.005146168144642749,0.00029509395529212125
Batch 2,2_08,1000,3.5,2.0,-0.00025969900095079083,-0.00010579633313370477,1.0528743672301404,1.0522368127260608,0.00015390266781708606,-0.0006375545040795405,5.865835912266468e-05
Batch 2,2_09,1000,3.5,2.0,-0.00018758670823989206,-0.00019884042984265186,1.0521715662217996,1.0477501439399566,-1.12537216027598e-05,-0.004421422281843057,7.899098323286501e-05
Batch 2,2_10,1000,3.5,2.0,-0.00016614133038400257,-0.0001088354881980762,1.0592774090954404,1.0547193696929622,5.7305842185926366e-05,-0.004558039402478231,4.5245388051825846e-05
Batch 2,2_11,1000,3.5,2.0,-0.00014159337421226282,-0.00017904826782711304,1.067771178712733,1.0506868795359952,-3.745489361485022e-05,-0.017084299176737927,0.00035407876899738185
Batch 2,2_12,1000,3.5,2.0,-0.00012925349680664545,-0.00020007272230501206,1.0544207099791663,1.045608831234379,-7.08192254983666e-05,-0.008811878744787283,0.000327044446642087
Batch 2,2_13,1000,3.5,2.0,-0.00027032048037656855,-0.00024472082650108147,1.0623776713356718,1.0388004916189753,2.5599653875487077e-05,-0.023577179716696595,0.0006792531042316953
Batch 2,2_14,1000,3.5,2.0,-0.00010721984436890946,-0.0001050229392957934,1.0532617533493491,1.0302612212974258,2.196905073116053e-06,-0.023000532051923317,0.00045243092034126796
Batch 2,2_15,1000,3.5,2.0,-8.945441267420738e-05,-0.0002850574162187147,1.0411804020862905,1.0100179155296345,-0.0001956030035445073,-0.03116248655665599,0.0007611671443129553
Batch 2,2_16,1000,3.5,2.0,-0.00012455200772919364,-0.00023241054987332372,1.0242088738266548,1.014127006913882,-0.00010785854214413008,-0.010081866912772908,0.0003046127470747836
Batch 2,2_17,1000,3.5,2.0,-0.00020271857697822657,-0.00041213444294332805,1.0664126558165605,1.052953664853358,-0.00020941586596510148,-0.013458990963202577,0.0003199771811309943
Batch 2,2_18,1000,3.5,2.0,-0.00011620851130062106,-0.0002021657268278567,1.065064177509011,1.0553896292831502,-8.595721552723563e-05,-0.00967454822586089,0.0003159772910980138
Batch 2,2_19,1000,3.5,2.0,-0.0003901713054829053,-0.0002741084199833042,1.0479374931865477,1.0457300471277011,0.00011606288549960105,-0.002207446058846596,0.00019619921427892916
Batch 2,2_20,1000,3.5,2.0,-0.00016121565541422016,-0.0001713606647362284,1.0625085236409026,1.0426831736701627,-1.0145009322008231e-05,-0.019825349970739925,0.0005105543672328962
Batch 2,2_21,1000,3.5,2.0,-9.650192638380563e-05,-0.00029895847246118063,1.060293651111129,1.051329483387218,-0.000202456546077375,-0.008964167723910954,0.0003619883290668569
Batch 2,2_22,1000,3.5,2.0,-0.0002042541365979764,-0.00038629456714009457,1.069410368754598,1.048968174713726,-0.00018204043054211816,-0.020442194040871886,0.0004713254868518693
Batch 2,2_23,1000,3.5,2.0,-0.000591787992181157,-0.00039100028832477797,1.0618744514903873,1.0559520372388862,0.000200787703856379,-0.005922414251501085,2.2847111406387513e-05
Batch 2,2_24,1000,3.5,2.0,-0.00043572158548888906,-0.0002322733123992161,1.0692395222767954,1.0550250567154356,0.00020344827308967295,-0.014214465561359857,4.4029699642585154e-05
Batch 2,2_25,1000,3.5,2.0,-0.000212182022995742,-0.00014795862333160628,1.0560329930084404,1.0445122157029008,6.422339966413571e-05,-0.011520777305539687,0.00022862026926774183
Batch 2,2_26,1000,3.5,2.0,-0.00010965301828467152,-0.0001549936373888731,1.063100178043214,1.053245037948941,-4.5340619104201576e-05,-0.009855140094273018,0.0002920936192579677
Batch 2,2_27,1000,3.5,2.0,-0.0001586948125747706,-0.00017666577315818808,1.0638635501795557,1.0390414416163662,-1.797096058341749e-05,-0.02482210856318945,0.0005997170447101127
Batch 2,2_28,1000,3.5,2.0,-0.0003006086918740826,-0.00034843733266872574,1.0548794381833366,1.0454965942327963,-4.782864079464313e-05,-0.009382843950540343,0.0003264347368865592
Batch 2,2_29,1000,3.5,2.0,-0.00012329513716932293,-0.000140020283362489,1.0497443497208232,1.036127428795244,-1.6725146193166066e-05,-0.013616920925579201,0.00037721489290159214
Batch 2,2_30,1000,3.5,2.0,-0.00012940769436252882,-0.00020497344901511586,1.0631463628789768,1.0513219550607884,-7.556575465258704e-05,-0.011824407818188387,0.0003102785983552323
Batch 2,2_31,1000,3.5,2.0,-0.00010199061726897128,-8.905071316926756e-05,1.0521445871770696,1.025615811045523,1.2939904099703718e-05,-0.026528776131546694,0.0006525149114268708
Batch 2,2_32,1000,3.5,2.0,-0.00021580699359064298,2.337578176306524e-05,1.0558046213837273,1.0378682551210816,0.00023918277535370821,-0.01793636626264572,0.00044426404704274566
Batch 2,2_33,1000,3.5,2.0,-7.970688831246788e-05,-0.0001814730562391808,1.0526238068266152,1.043878564721805,-0.00010176616792671291,-0.008745242104810202,7.388118368069333e-05
Batch 2,2_34,1000,3.5,2.0,-6.865682707648196e-05,-0.00024859998605066653,1.0572463363295186,1.0477309755541941,-0.00017994315897418457,-0.009515360775324444,5.866400117176798e-05
Batch 2,2_35,1000,3.5,2.0,-7.032843859468057e-05,-4.968859932841344e-05,1.052394798933758,1.046965699616229,2.0639839266267136e-05,-0.005429099317528996,3.5597117054099105e-05
Batch 2,2_36,1000,3.5,2.0,-0.00043662380530697776,-0.00022410040145566136,1.0463821146782815,1.0066436080989085,0.0002125234038513164,-0.039738506579372945,0.000604075245598287
Batch 2,2_37,1000,3.5,2.0,-0.0003317354178595637,-0.00032664917991469136,1.0484240002245044,0.9649865025580887,5.086237944872314e-06,-0.08343749766641573,0.002065771068001692
Batch 2,2_38,1000,3.5,2.0,-0.00016476386502311285,-0.00021237219937201445,1.0636367522984658,1.062899582473267,-4.76083343489016e-05,-0.0007371698251987802,1.695856550878882e-05
Batch 2,2_39,1000,3.5,2.0,-0.00013577465401333287,-0.00032144184401439657,1.063169860500393,1.0551539291395997,-0.0001856671900010637,-0.00801593136079326,6.0904550971893996e-05
Batch 2,2_40,1000,3.5,2.0,-0.00016275173159782154,-0.0003626099710879929,1.0519704005939245,1.0273391110853465,-0.00019985823949017137,-0.02463128950857807,0.0004339268330283632
Batch 2,2_41,1000,3.5,2.0,-0.00019297346665540476,-0.00024028746672934202,1.063640075812003,1.0477307078119718,-4.731400007393726e-05,-0.015909368000031288,0.0002514390480151275
Batch 2,2_42,1000,3.5,2.0,-0.00022103719934881878,-0.00028315338598844224,1.0627215025512335,1.0411991351153866,-6.211618663962346e-05,-0.0215223674358469,0.0006724100406155343
Batch 2,2_43,1000,3.5,2.0,-0.00013358958361640313,-0.00016809791967546277,1.0589440687634084,1.040792140450294,-3.450833605905964e-05,-0.018151928313114407,0.0003291640157368037
Batch 2,2_44,1000,3.5,2.0,-0.00012064590543093423,-7.786747073144955e-05,1.0607523609169154,1.0536894722932697,4.2778434699484677e-05,-0.00706288862364568,5.3483284647826735e-05
Batch 2,2_45,1000,3.5,2.0,-0.0001254951475651274,-0.00023153617556067203,1.0599099762367261,1.055959737837339,-0.00010604102799554463,-0.003950238399387018,4.3199281110227894e-05
Batch 2,2_46,1000,3.5,2.0,-4.800897845648252e-05,-4.204836896544022e-05,1.0654475094459515,1.0598746365951066,5.9606094910423025e-06,-0.0055728728508448455,6.680132101075869e-05
Batch 2,2_47,1000,3.5,2.0,-0.0004807199396779713,-0.0015671940222256502,1.0640839323615936,1.0528287511501446,-0.0010864740825476788,-0.011255181211448972,0.00030983099889204734
Batch 3,3_01,1000,3.5,2.0,-0.00014258027464572647,-0.00013896718075803667,1.0554399016422567,1.0516720924268015,3.6130938876897988e-06,-0.0037678092154551646,5.687024898905241e-05
Batch 3,3_02,1000,3.5,2.0,-0.0001118127474657552,-0.0003033301257586192,1.0531058022998128,1.0493524200768711,-0.000191517378292864,-0.003753382222941637,5.181521321780508e-05
Batch 3,3_03,1000,3.5,2.0,-8.946505225915002e-05,-9.400306948675915e-05,1.048566237513282,1.046014818998879,-4.538017227609126e-06,-0.002551418514403103,1.6619555727408117e-05
Batch 3,3_04,1000,3.5,2.0,-0.00011997228592539852,-0.0001148119162135494,1.051433041073733,1.0477136080159646,5.160369711849119e-06,-0.00371943305776834,7.645259474220121e-05
Batch 3,3_05,1000,3.5,2.0,-0.00015336838990806124,-0.00022367066050833165,1.058598705591645,1.0555430494012805,-7.030227060027041e-05,-0.0030556561903645196,6.630317519564988e-05
Batch 3,3_06,1000,3.5,2.0,-0.0003116089010965516,-0.00015948617777972104,1.0362409116402285,1.032724184791652,0.00015212272331683056,-0.0035167268485765124,7.683799523990656e-05
Batch 3,3_07,1000,3.5,2.0,-0.00023331830139244514,-5.601127936026679e-05,1.047198737947161,1.0250388280399314,0.00017730702203217836,-0.022159909907229602,0.00029805183986089944
Batch 3,3_08,1000,3.5,2.0,-0.0003167145789797739,-0.00019085045981538588,1.0545140763561118,1.0523829533825653,0.00012586411916438802,-0.002131122973546562,3.2453221357996856e-05
Batch 3,3_09,1000,3.5,2.0,-0.00024858788985088995,-0.0002446914258494596,1.0514575399407282,1.0480472063842972,3.896464001430355e-06,-0.0034103335564310555,8.094615840627263e-05
Batch 3,3_10,1000,3.5,2.0,-0.0001638080407842023,-0.0003366401573053758,1.0566964207228493,1.0517292596992005,-0.00017283211652117348,-0.004967161023648803,0.00010416049784765705
Batch 3,3_11,1000,3.5,2.0,-0.0001387956774346248,-0.00020842438280050193,1.048621967682683,1.0454605239295607,-6.962870536587714e-05,-0.0031614437531222173,3.8783238947594476e-05
Batch 3,3_12,1000,3.5,2.0,-0.0003324905764530671,-0.0001703515239443873,1.0537785661906212,1.0479077240965489,0.0001621390525086798,-0.005870842094072293,0.00013034033579521087
Batch 3,3_13,1000,3.5,2.0,-0.00020295489949314645,-0.00030389811883543084,1.0611347205696455,1.0550623011714961,-0.00010094321934228439,-0.006072419398149398,0.00011303424118898805
Batch 3,3_14,1000,3.5,2.0,-0.00016568736139796264,-0.00030669334108353113,1.05121816288854,1.04779880502059,-0.0001410059796855685,-0.0034193578679500014,8.045138308284514e-05
Batch 3,3_15,1000,3.5,2.0,-0.00019663343041144315,-0.00017425296671465278,1.0603776453266072,1.0565412041331674,2.238046369679037e-05,-0.0038364411934397324,0.00010007654534836023
Batch 3,3_16,1000,3.5,2.0,-0.0002012722942283511,-0.00015983496865509494,1.0535175619691364,1.049242955462282,4.143732557325617e-05,-0.004274606506854406,9.984253014088351e-05
Batch 3,3_17,1000,3.5,2.0,-0.00018648516496132,-0.00012247984315018123,1.0494291993676923,1.0464455133642425,6.400532181113878e-05,-0.0029836860034497814,2.020628622431914e-05
Batch 3,3_18,1000,3.5,2.0,-0.00028851425739494083,-0.00011842302269177447,1.0548466592613002,1.0504288051856445,0.00017009123470316636,-0.004417854075655647,3.633180045384266e-05
Batch 3,3_19,1000,3.5,2.0,-0.0001363185758611541,-0.000321193280964692,1.0548983044770857,1.0498903602442584,-0.00018487470510353789,-0.005007944232827244,5.571190370898626e-05
Batch 3,3_20,1000,3.5,2.0,-0.00014584326594780902,-0.00016749019870648525,1.0584132747637822,1.0528921347801667,-2.1646932758676235e-05,-0.005521139983615475,6.730667325120848e-05
Batch 3,3_21,1000,3.5,2.0,-0.00011412011418087444,-0.00014253132572905012,1.0508170999886037,1.0473327360054374,-2.8411211548175675e-05,-0.0034843639831663165,8.583320053473407e-05
Batch 3,3_22,1000,3.5,2.0,-0.00017496140041946368,-0.0002163560929409744,1.053662796709706,1.0353269336999642,-4.139469252151072e-05,-0.018335863009741882,0.00019754830798491912
Batch 3,3_23,1000,3.5,2.0,-0.00017900235658391248,-0.00023800278490958924,1.0430328121945573,1.03708265856164,-5.9000428325676763e-05,-0.005950153632917399,8.977958692912617e-05
Batch 3,3_24,1000,3.5,2.0,-0.0003198190905554092,-0.00032306541582500977,1.0525696833406735,1.0493136914610113,-3.2463252696005767e-06,-0.00325599187966219,2.8589729471192788e-05
Batch 3,3_25,1000,3.5,2.0,-0.00017596636102220578,-0.0002663073950334763,1.0339914277569295,1.0319804444359015,-9.034103401127049e-05,-0.0020109833210280037,6.994312062017459e-05
Batch 3,3_26,1000,3.5,2.0,-0.00016166794624138545,-0.0003577437350829603,1.0496003909630265,1.046174459131169,-0.00019607578884157486,-0.003425931831857465,7.135743905511085e-05
Batch 3,3_27,1000,3.5,2.0,-0.00015548055566871872,-0.0001657907856544217,1.0604953683567837,1.0563751220196886,-1.0310229985702982e-05,-0.004120246337095068,6.032434097872005e-05
Batch 3,3_28,1000,3.5,2.0,-0.0001917658533595806,-9.049440884558599e-05,1.0481894029695529,1.045293478116674,0.00010127144451399462,-0.0028959248528788173,7.410844302086189e-05
Batch 3,3_29,1000,3.5,2.0,-7.417809062480944e-05,-7.796832527872213e-05,1.0351624247732854,1.0134874947492083,-3.7902346539126907e-06,-0.021674930024077055,0.00035346149253269254
Batch 3,3_30,1000,3.5,2.0,-0.0003046741721961138,-0.00010736971251736229,1.0524042546232395,1.0497182266151153,0.00019730445967875153,-0.0026860280081242305,8.638212824469724e-05
Batch 3,3_31,1000,3.5,2.0,-0.0001452411332456188,-0.000146713375674457,1.0567757914437597,1.0533339871670746,-1.4722424288382096e-06,-0.0034418042766850565,7.939158148811134e-05
Batch 3,3_32,1000,3.5,2.0,-0.00030686244713541987,-0.00022505896958205647,1.0545157905873483,1.0487037300833724,8.180347755336339e-05,-0.00581206050397598,0.00014467616046037193
Batch 3,3_33,1000,3.5,2.0,-0.000257710106923875,-0.0002524124883977927,1.0606524507604502,1.057846548078246,5.297618526082322e-06,-0.0028059026822042643,2.1215204766387927e-05
Batch 3,3_34,1000,3.5,2.0,-0.00012547356716951036,-0.00015629792749561163,1.0475464467601339,1.0445067345669836,-3.0824360326101274e-05,-0.0030397121931502458,4.0188487978171294e-05
Batch 3,3_35,1000,3.5,2.0,-0.00012550096678004292,-0.00014776850278344682,1.0482667579877007,1.0443661624941791,-2.2267536003403902e-05,-0.003900595493521619,4.946983882423062e-05
Batch 3,3_36,1000,3.5,2.0,-0.0001775458091671254,-0.00023111844665590483,1.0497434586562842,1.0463436656162621,-5.3572637488779424e-05,-0.0033997930400220255,5.8229318902417414e-05
Batch 3,3_37,1000,3.5,2.0,-0.0002009628874449032,-0.00014396165109299393,1.04424338144558,1.0404778073982968,5.700123635190928e-05,-0.003765574047283282,5.5788165335225655e-05
Batch 3,3_38,1000,3.5,2.0,-9.567237750127754e-05,-0.00010345164320400566,1.0320467667391948,1.0333266416090685,-7.779265702728124e-06,0.0012798748698736873,7.96423654716803e-06
Batch 3,3_39,1000,3.5,2.0,-0.0003344910862340064,-0.00022312136495359844,1.0570087317025005,1.053212952712198,0.00011136972128040796,-0.0037957789903024786,4.5493249228224246e-05
Batch 3,3_40,1000,3.5,2.0,-0.0002309929810050718,-0.0003254010797908775,1.0356147413039267,1.033994831900637,-9.440809878580566e-05,-0.001619909403289821,3.510467231268054e-05
Batch 3,3_41,1000,3.5,2.0,-0.00018098657917714944,-0.00017744514292464248,1.0460865317459527,1.0435826388690534,3.541436252506964e-06,-0.0025038928768992275,5.068643250322407e-05
Batch 3,3_42,1000,3.5,2.0,-0.0004927739635504177,-0.0004990485421763821,1.0406681822804134,1.037439255626091,-6.274578625964432e-06,-0.003228926654322395,6.03240691683163e-05
Batch 3,3_43,1000,3.5,2.0,-0.0003744203046953377,-0.00028294093640429533,1.0528809589562609,1.0524278357653842,9.147936829104235e-05,-0.00045312319087664754,4.5061465820542114e-05
Batch 3,3_44,1000,3.5,2.0,-0.0003168640078442073,-0.00021167980965455517,1.0561197043943413,1.0547419256548698,0.00010518419818965214,-0.0013777787394715357,4.822275074444368e-05
Batch 3,3_45,1000,3.5,2.0,-0.00027512052818011814,-0.00037464074183622844,1.057362833584299,1.0542276534067616,-9.95202136561103e-05,-0.0031351801775374444,7.387618796699746e-05
Batch 3,3_46,1000,3.5,2.0,-0.00017688982203105283,-0.0002297482545968076,1.055867965360196,1.0531903734602508,-5.285843256575478e-05,-0.0026775918999450976,3.014041303195534e-05
