seed,final_model,final_target,valid_mape,train_cv_mape,holdout_cells,holdout_policies
0,Ridge (extended),log,6.5,6.563,9,7C(40%)-3C; 5.4C(70%)-3C; 6C(50%)-3.6C; 5.4C(60%)-3.6C; 6C(30%)-3.6C
1,Ridge (extended),log,6.624,6.72,10,8C(35%)-3.6C; 5.4C(70%)-3C; 5.4C(60%)-3C; 6C(40%)-3C; 8C(15%)-3.6C
2,Ridge (extended),log,8.628,6.712,9,7C(40%)-3C; 7C(30%)-3.6C; 4.8C(80%)-4.8C; 5.4C(60%)-3.6C; 6C(30%)-3.6C
3,Linear (ln Var ΔQ),raw,9.157,8.894,10,7C(40%)-3C; 8C(25%)-3.6C; 4.8C(80%)-4.8C; 6C(40%)-3.6C; 8C(15%)-3.6C
4,Ridge (extended),log,6.377,6.861,9,7C(40%)-3.6C; 6C(60%)-3C; 5.4C(60%)-3C; 6C(50%)-3C; 4.4C(80%)-4.4C
5,Random Forest,log,6.36,12.383,9,7C(40%)-3.6C; 6C(60%)-3C; 4.8C(80%)-4.8C; 6C(40%)-3C; 6C(30%)-3.6C
6,Linear (ln Var ΔQ),raw,6.831,9.848,9,8C(35%)-3.6C; 5.4C(70%)-3C; 6C(50%)-3.6C; 5.4C(60%)-3.6C; 4.4C(80%)-4.4C
7,Ridge (extended),log,7.104,6.575,9,7C(40%)-3C; 5.4C(70%)-3C; 6C(50%)-3.6C; 6C(40%)-3C; 5.4C(40%)-3.6C
8,Ridge (extended),log,7.527,6.702,10,7C(40%)-3.6C; 7C(30%)-3.6C; 4.8C(80%)-4.8C; 6C(40%)-3C; 8C(15%)-3.6C
9,Ridge (extended),log,6.377,7.308,10,8C(35%)-3.6C; 6C(60%)-3C; 5.4C(60%)-3C; 5.4C(60%)-3.6C; 8C(15%)-3.6C
10,Ridge (extended),log,5.21,7.642,8,7C(40%)-3C; 6C(60%)-3C; 5.4C(50%)-3C; 6C(40%)-3.6C; 4.4C(80%)-4.4C
11,Ridge (extended),log,6.46,7.311,9,5.4C(80%)-5.4C; 8C(25%)-3.6C; 5.4C(60%)-3C; 5.4C(60%)-3.6C; 5.4C(40%)-3.6C
12,Ridge (extended),log,7.253,7.08,10,7C(40%)-3.6C; 7C(30%)-3.6C; 5.4C(60%)-3C; 6C(40%)-3C; 8C(15%)-3.6C
13,Ridge (extended),log,6.394,7.276,10,7C(40%)-3C; 6C(60%)-3C; 5.4C(60%)-3C; 6C(40%)-3C; 8C(15%)-3.6C
14,Linear (ln Var ΔQ),log,6.9,9.603,10,5.4C(80%)-5.4C; 6C(60%)-3C; 6C(50%)-3.6C; 5.4C(60%)-3.6C; 8C(15%)-3.6C
15,Ridge (extended),log,6.84,6.588,10,7C(40%)-3C; 5.4C(70%)-3C; 6C(50%)-3.6C; 6C(40%)-3C; 8C(15%)-3.6C
16,Ridge (extended),log,7.401,6.598,9,7C(40%)-3.6C; 5.4C(70%)-3C; 5.4C(60%)-3C; 5.4C(60%)-3.6C; 4.4C(80%)-4.4C
17,Ridge (extended),log,6.461,7.329,9,7C(40%)-3.6C; 6C(60%)-3C; 4.8C(80%)-4.8C; 6C(40%)-3.6C; 6C(30%)-3.6C
18,Ridge (extended),log,8.025,6.774,9,7C(40%)-3C; 7C(30%)-3.6C; 4.8C(80%)-4.8C; 6C(50%)-3C; 4.4C(80%)-4.4C
19,Ridge (extended),log,7.673,6.979,8,7C(40%)-3.6C; 7C(30%)-3.6C; 5.4C(50%)-3C; 6C(40%)-3C; 6C(30%)-3.6C
